{
"N-BK7":{
            "n":[
                    [0.3,0.322,0.344,0.366,0.388,0.41,0.432,0.454,0.476,0.498,0.52,0.542,0.564,0.586,0.608,0.63,0.652,0.674,0.696,0.718,0.74,0.762,0.784,0.806,0.828,0.85,0.872,0.894,0.916,0.938,0.96,0.982,1.004,1.026,1.048,1.07,1.092,1.114,1.136,1.158,1.18,1.202,1.224,1.246,1.268,1.29,1.312,1.334,1.356,1.378,1.4,1.422,1.444,1.466,1.488,1.51,1.532,1.554,1.576,1.598,1.62,1.642,1.664,1.686,1.708,1.73,1.752,1.774,1.796,1.818,1.84,1.862,1.884,1.906,1.928,1.95,1.972,1.994,2.016,2.038,2.06,2.082,2.104,2.126,2.148,2.17,2.192,2.214,2.236,2.258,2.28,2.302,2.324,2.346,2.368,2.39,2.412,2.434,2.456,2.478,2.5],
                    [1.552770264,1.545869929,1.540446687,1.536090528,1.532527732,1.529568767,1.527078429,1.524957846,1.523133174,1.521548253,1.520159688,1.518933478,1.517842648,1.516865557,1.515984669,1.515185645,1.51445666,1.51378789,1.513171112,1.512599402,1.512066895,1.51156859,1.511100206,1.510658057,1.510238956,1.509840135,1.50945918,1.509093978,1.508742673,1.508403627,1.508075392,1.507756683,1.507446357,1.507143392,1.506846874,1.506555982,1.506269979,1.505988198,1.505710037,1.50543495,1.505162442,1.50489206,1.504623394,1.504356065,1.50408973,1.503824072,1.503558798,1.503293642,1.503028354,1.502762706,1.502496485,1.502229493,1.501961547,1.501692477,1.501422121,1.501150331,1.500876967,1.500601898,1.500324999,1.500046155,1.499765255,1.499482196,1.499196879,1.498909211,1.498619104,1.498326472,1.498031236,1.497733318,1.497432645,1.497129146,1.496822753,1.4965134,1.496201026,1.495885568,1.495566968,1.49524517,1.494920117,1.494591757,1.494260036,1.493924904,1.49358631,1.493244207,1.492898546,1.49254928,1.492196363,1.49183975,1.491479396,1.491115257,1.490747289,1.49037545,1.489999697,1.489619988,1.48923628,1.488848531,1.488456702,1.488060749,1.487660633,1.487256312,1.486847745,1.486434891,1.48601771]
                ],
            "k":[
                    [0.3,0.31,0.32,0.334,0.35,0.365,0.37,0.38,0.39,0.4,0.405,0.42,0.436,0.46,0.5,0.546,0.58,0.62,0.66,0.7,1.06,1.53,1.97,2.325,2.5],
                    [2.86E-06,1.37E-06,6.66E-07,2.64E-07,9.29E-08,3.42E-08,2.74E-08,2.07E-08,1.37E-08,1.02E-08,9.06E-09,9.39E-09,1.11E-08,1.03E-08,9.58E-09,6.97E-09,9.25E-09,1.19E-08,1.26E-08,8.93E-09,1.01E-08,9.84E-08,1.09E-06,4.29E-06,8.13E-06]
                ],
            "relpermativity1":2.3007,
            "relpermativity2":2.9585e-8,
            "alpha":0.0020857,
            "abbe":64.17,
            "dispersion":64.17,
            "groupindex":1.5414,
            "gvd":70.372,
            "d":-383.92,
            "mfg":"SCHOTT",
            "source":"refraciveindex.info"
        },
"N-SF5":{
            "n":[
                    [0.37,0.3913,0.4126,0.4339,0.4552,0.4765,0.4978,0.5191,0.5404,0.5617,0.583,0.6043,0.6256,0.6469,0.6682,0.6895,0.7108,0.7321,0.7534,0.7747,0.796,0.8173,0.8386,0.8599,0.8812,0.9025,0.9238,0.9451,0.9664,0.9877,1.009,1.03,1.052,1.073,1.094,1.116,1.137,1.158,1.179,1.201,1.222,1.243,1.265,1.286,1.307,1.329,1.35,1.371,1.392,1.414,1.435,1.456,1.478,1.499,1.52,1.542,1.563,1.584,1.605,1.627,1.648,1.669,1.691,1.712,1.733,1.755,1.776,1.797,1.818,1.84,1.861,1.882,1.904,1.925,1.946,1.968,1.989,2.01,2.031,2.053,2.074,2.095,2.117,2.138,2.159,2.181,2.202,2.223,2.244,2.266,2.287,2.308,2.33,2.351,2.372,2.394,2.415,2.436,2.457,2.479,2.5],
                    [1.728654985,1.717015186,1.707903718,1.700572427,1.694547284,1.689511049,1.685242266,1.681581096,1.678409006,1.675636097,1.673192893,1.671024823,1.669088426,1.667348658,1.665776959,1.664349825,1.663047747,1.661854404,1.660756043,1.659741002,1.658799331,1.657922491,1.657103123,1.656334849,1.655612118,1.654930079,1.654284476,1.653671564,1.65308803,1.652530939,1.651997682,1.651492998,1.650984529,1.65051664,1.650064176,1.649605135,1.649179885,1.648766058,1.648362577,1.647949915,1.647564659,1.647187025,1.646798774,1.646434492,1.646075751,1.645705242,1.645356101,1.645010883,1.64466914,1.644314394,1.643978495,1.643644891,1.643297498,1.642967576,1.642639003,1.642295937,1.641969304,1.641643252,1.641317561,1.640976522,1.640650938,1.640325122,1.639983355,1.639656539,1.639328997,1.638984922,1.638655452,1.638324839,1.637992961,1.637643795,1.637308969,1.636972539,1.63661826,1.636278239,1.635936321,1.635575993,1.635229924,1.634881703,1.634531253,1.634161643,1.633806399,1.633448708,1.633071287,1.63270838,1.632342829,1.631956972,1.631585824,1.631211855,1.630835011,1.630437079,1.630054181,1.629668249,1.62926063,1.628868331,1.62847285,1.628055073,1.627652932,1.62724747,1.626838644,1.626406694,1.625990844]
                ],
            "k":[   [0.37,0.38,0.39,0.4,0.405,0.42,0.436,0.46,0.5,0.546,0.58,0.62,0.66,0.7,1.06,1.53,1.97,2.325,2.5],
                    [3.79E-06,1.34E-06,5.93E-07,3.16E-07,2.40E-07,1.26E-07,9.33E-08,6.59E-08,3.87E-08,2.10E-08,1.67E-08,2.38E-08,2.75E-08,2.46E-08,2.03E-08,1.23E-07,8.02E-07,3.42E-06,5.52E-06]
                ],
            "relpermativity1":2.7979,
            "relpermativity2":6.0373e-8,
            "alpha":0.0038594,
            "abbe":32.25,
            "dispersion":-0.10514,
            "groupindex":1.7345,
            "gvd":209.10,
            "d":-1140.8,
            "mfg":"SCHOTT",
            "source":"refraciveindex.info"
        }
}
